chrom,j,bp.l,bp,bp.r,method,chromr
1,l,3336356,3403083,3469810,struc,I
1,r,9675430,9742157,9808884,struc,I
1,l,3243150,3363970,3484790,seg,I
1,r,9494300,9656450,9818600,seg,I
2,l,2906290,2975487,3044684,struc,II
2,r,11071578,11140776,11209973,struc,II
2,l,2778370,2923340,3068310,seg,II
2,r,10990800,11120000,11249200,seg,II
3,l,2470698,2532466,2594233,struc,III
3,r,8832745,8894512,8956280,struc,III
3,l,2258030,2499150,2740270,seg,III
3,r,8723390,8876270,9029150,seg,III
4,l,3326587,3393118,3459650,struc,IV
4,r,10112822,10179354,10245886,struc,IV
4,l,3276830,3353880,3430940,seg,IV
4,r,10049200,10148700,10248200,seg,IV
5,l,2516046,2590047,2664049,struc,V
5,r,11914216,11988217,12062218,struc,V
5,l,2429890,2546560,2663240,seg,V
5,r,11869700,11957100,12044400,seg,V
6,l,6946781,7186325,7306097,struc,X
6,r,16049459,16169231,16289003,struc,X
6,l,11120400,11986100,12851900,seg,X
6,r,16217500,16704600,17191700,seg,X
